listing_id,date,num_reviews,reviewers
255601,2025-08-01,1,45314700
33009,2024-12-01,1,5887846
255601,2025-01-01,2,"105167634,519241428"
255601,2025-04-01,4,"8884508,10218068,57554338,598010051"
255601,2024-09-01,2,"7757347,91072689"
255601,2024-12-01,3,"43604354,18461922,243131679"
255601,2024-10-01,5,"16691840,370977900,324775537,5464576,124769478"
310325,2024-10-01,1,145957399
255601,2024-11-01,1,17007739
255601,2025-06-01,1,63248057
310325,2025-03-01,1,315289692
54544,2025-01-01,1,662379979
255601,2025-03-01,2,"8931279,104754016"
255601,2025-05-01,2,"472531053,117703511"
33009,2025-03-01,1,33750434
255601,2025-07-01,4,"9635710,430162172,121758486,28623096"
825129,2025-01-01,1,401049951
938022,2024-10-01,1,27239866
227495,2025-01-01,1,662992491
777327,2025-05-01,1,318767564
437352,2025-07-01,1,207566840
938022,2025-07-01,2,"256242229,32572910"
838070,2025-03-01,1,357336426
578267,2024-09-01,1,458595267
825129,2025-07-01,1,130498199
227495,2024-11-01,1,2157740
777327,2025-04-01,1,111795330
938022,2024-11-01,1,552662679
938022,2025-06-01,1,8248240
227495,2025-06-01,1,19800417
825129,2025-02-01,1,495618551
227495,2025-05-01,1,5281816
938022,2024-09-01,1,26018365
825129,2025-05-01,1,652703365
606269,2024-10-01,1,124639474
45936,2025-07-01,2,"157086710,241909969"
748118,2025-05-01,2,"7833046,108611928"
852632,2024-12-01,1,590502455
896535,2025-06-01,1,68491612
606269,2025-05-01,1,9429539
71366,2024-11-01,1,30213296
896535,2025-08-01,1,183457001
748118,2025-03-01,1,221751391
606269,2024-12-01,1,373440742
54860,2025-06-01,1,457000608
876355,2024-11-01,1,3406913
249704,2024-12-01,1,17047884
249704,2025-05-01,1,584266911
606269,2025-03-01,1,399239734
71366,2024-10-01,1,65966050
45936,2025-04-01,1,71331092
896535,2024-11-01,1,149396561
606269,2025-07-01,1,9189690
896535,2025-04-01,1,57074934
295998,2025-04-01,1,11575490
288726,2024-12-01,1,255766968
295998,2024-10-01,1,211126917
322037,2024-12-01,1,63164928
188803,2024-10-01,2,"11302228,120322010"
150804,2024-10-01,5,"107008142,8221325,292522489,353685,412865862"
753687,2025-05-01,2,"91100545,15186630"
753687,2025-06-01,1,346950191
753687,2025-04-01,2,"456557479,25327424"
945297,2025-04-01,1,480914977
753687,2024-09-01,2,"160674952,24330684"
753687,2024-12-01,2,"456557479,598824315"
188803,2024-12-01,6,"419645809,2302257,23872050,589163971,134914969,73462089"
844319,2025-01-01,1,469264044
188803,2025-03-01,1,193252464
762145,2025-04-01,1,479057690
150804,2024-11-01,2,"141885623,578036941"
288726,2024-10-01,1,281158049
936218,2025-04-01,1,227311882
188803,2025-01-01,1,494106365
321136,2024-11-01,1,325870667
150804,2025-05-01,2,"317486093,26470654"
321136,2025-04-01,1,255520239
150804,2024-09-01,3,"12649409,66664398,163354616"
753991,2025-03-01,1,19582174
150804,2025-01-01,1,1003208
288726,2025-05-01,1,521070794
936218,2025-07-01,1,367209831
150804,2024-12-01,2,"176528827,161896397"
753991,2025-05-01,1,120776244
753687,2025-07-01,4,"444454279,111662523,36292246,495455667"
295998,2025-08-01,1,83133917
753687,2025-03-01,1,61340195
945297,2025-02-01,1,99612384
753687,2024-11-01,2,"466320500,53219842"
936218,2024-11-01,1,157037560
945297,2024-11-01,1,377943822
753991,2024-12-01,1,331707313
762145,2025-01-01,1,575077218
753687,2024-10-01,1,68271808
150804,2025-04-01,3,"113862,452664267,166700970"
613528,2024-10-01,4,"102969674,21530511,218954029,115241859"
783202,2025-03-01,5,"6824422,58079749,5418287,77636673,13217131"
302705,2025-04-01,1,16952331
613528,2025-03-01,4,"208363804,247426653,483474586,16645470"
783202,2025-04-01,2,"64071231,3280938"
783202,2025-07-01,1,100781334
613528,2025-02-01,3,"505259937,490484115,167250458"
886808,2025-03-01,6,"149110735,112539227,289442195,349176751,54498283,293775470"
136493,2025-03-01,2,"26263565,9350282"
886808,2025-04-01,5,"64996240,124478868,657516830,147579494,261783944"
724866,2024-10-01,1,106753982
67299,2024-12-01,1,223902717
613528,2025-07-01,3,"130994,53812718,350038434"
476983,2024-10-01,1,35637052
67299,2025-03-01,1,90301896
783202,2025-02-01,3,"161153272,585559745,23263476"
255476,2024-11-01,1,107585606
613528,2024-09-01,5,"203247347,242986615,103505395,477592052,6149776"
613528,2025-04-01,2,"540401571,31732330"
886808,2025-01-01,5,"527341587,140735,214808680,230291522,31212001"
476983,2025-05-01,1,35637052
783202,2025-05-01,2,"19258022,32159373"
886808,2024-10-01,2,"1682409,17538733"
886808,2024-09-01,5,"534174355,296541460,20855056,153564491,370243080"
886808,2024-12-01,3,"162188015,183511530,215957696"
476983,2025-01-01,1,220278820
886808,2025-08-01,8,"106952814,400513233,65874586,58107994,709099570,492571372,276895479,157829237"
255476,2025-01-01,1,110290466
783202,2024-12-01,2,"523228545,3341216"
613528,2024-11-01,2,"506915824,181140274"
783202,2025-01-01,4,"195987206,107681191,179418894,328664780"
613528,2024-12-01,3,"237514861,199379269,470106520"
302705,2025-06-01,1,587383547
724866,2024-11-01,1,222063880
783202,2025-06-01,2,"51698547,2389167"
886808,2025-05-01,7,"24548813,109015940,652438232,68572752,81338932,176382525,205576177"
886808,2025-02-01,5,"31303276,522754948,149024085,670415690,51156879"
136493,2024-11-01,2,"95148275,71492167"
783202,2024-09-01,3,"558144690,1258092,14513261"
886808,2025-06-01,8,"196227497,693114155,18043868,565813906,37513518,668139589,53355884,107629081"
613528,2025-06-01,1,60852641
476983,2025-02-01,1,35637052
613528,2025-05-01,3,"317121071,262509423,21839995"
886808,2025-07-01,3,"565075,46978129,329228259"
783202,2024-10-01,5,"2289144,39521135,169987544,164148961,137431102"
886808,2024-11-01,8,"285060394,13492863,48537983,13492863,12906418,492938211,410204453,343825879"
67299,2025-07-01,1,349829992
783202,2024-11-01,3,"6049202,191413023,184133475"
67299,2024-10-01,1,177983
613528,2025-01-01,4,"118206934,5460778,251637748,652483232"
255476,2024-09-01,1,246609644
302705,2024-09-01,1,450352520
67299,2025-05-01,2,"217934395,362011792"
847648,2025-05-01,1,198207088
7097,2025-04-01,4,"179742347,13890179,565053774,56910721"
765315,2024-11-01,1,145007912
38833,2025-07-01,3,"9174788,239899731,370648642"
38833,2025-04-01,3,"3177614,236289604,5870272"
38833,2025-01-01,4,"477802672,7216749,341028749,38233629"
7097,2025-02-01,1,446167962
38833,2024-10-01,3,"93180739,63198052,344677138"
38833,2024-11-01,2,"26022851,61222487"
7097,2024-11-01,2,"124458282,3453060"
7097,2025-05-01,6,"302577757,249479339,80117289,430129919,175378548,411084666"
7097,2025-07-01,2,"108795617,32387454"
7097,2024-12-01,2,"5398524,48081936"
765315,2024-12-01,1,546833145
38833,2024-12-01,3,"386670907,3449787,40150069"
7097,2025-08-01,1,47851520
38833,2025-03-01,5,"229238614,89223757,1579536,536627911,62052770"
38833,2025-05-01,4,"479057690,289986431,414954658,538932321"
38833,2025-08-01,2,"77896808,2682442"
38833,2025-06-01,4,"156555942,3963462,696658499,134584475"
7097,2025-06-01,2,"144171631,419482988"
765315,2024-10-01,2,"196528319,547201363"
44973,2025-01-01,1,232698600
38833,2024-09-01,4,"61772688,44779090,73611122,571790007"
7097,2024-09-01,2,"146004788,16904557"
7097,2024-10-01,5,"400543899,102129340,48775067,145341112,1023731"
38833,2025-02-01,3,"126937781,30203681,76645165"
58059,2025-01-01,1,227490305
7097,2025-03-01,4,"119251712,98537731,561271917,63648196"
765315,2024-09-01,2,"306524896,80812274"
536578,2025-02-01,1,46218645
536578,2024-10-01,1,247623865
82638,2024-10-01,1,4364172
543792,2025-05-01,1,51463069
318021,2024-11-01,1,97637898
152263,2025-06-01,3,"77943589,448492041,504352964"
75635,2024-10-01,1,51201473
152263,2025-04-01,4,"33089954,13167788,34693124,397292349"
152263,2025-07-01,2,"5002422,353292305"
75635,2024-11-01,1,38824267
75635,2025-08-01,1,510604242
152263,2024-10-01,3,"136924702,458157042,471878148"
152263,2024-09-01,1,305061825
318021,2025-06-01,1,541464400
318021,2025-05-01,1,99090373
152263,2024-11-01,2,"117137929,115852300"
543792,2024-10-01,1,96386241
318021,2025-04-01,1,971849
543792,2024-12-01,1,9769467
536578,2025-06-01,1,181604799
890839,2025-05-01,1,250840222
113265,2024-12-01,1,104927200
536578,2024-11-01,1,22179040
82638,2025-02-01,1,569322068
318021,2025-03-01,1,174993423
152263,2024-12-01,2,"651812249,261491347"
82638,2024-11-01,1,58129906
152263,2025-05-01,3,"100835357,137826540,17903"
113265,2025-06-01,1,677705907
82638,2025-05-01,1,13866269
536578,2024-12-01,1,75021625
152263,2025-08-01,1,270742209
804194,2024-10-01,1,655089998
118061,2025-05-01,1,39172372
804194,2025-07-01,4,"595915396,2062894,202685367,18710648"
804194,2025-06-01,3,"284420671,211911419,676122928"
804194,2025-04-01,3,"7142344,90424358,23265998"
804194,2025-03-01,4,"378665358,243062488,423423537,177220622"
804194,2025-05-01,3,"73934686,317312854,7900320"
257097,2025-02-01,1,249634021
15341,2024-10-01,1,191969508
804194,2025-02-01,2,"312462184,55309204"
804194,2024-12-01,1,470383476
118061,2025-06-01,1,196289888
60666,2025-03-01,1,270236262
804194,2024-09-01,2,"144653582,247445980"
15341,2024-12-01,1,47931032
804194,2024-11-01,4,"544713202,168608591,145778712,244165029"
15341,2025-07-01,1,47931032
257097,2025-06-01,1,52675448
15341,2025-05-01,1,296546768
450577,2024-10-01,1,25419337
794156,2025-04-01,1,113386795
425423,2025-04-01,1,675631619
302238,2025-07-01,1,690594336
530576,2024-10-01,1,502515987
425423,2025-07-01,1,142439977
763809,2024-11-01,1,413684219
425423,2025-02-01,1,247816287
425423,2025-03-01,1,216754804
794156,2024-10-01,1,1850691
763809,2024-09-01,1,34983035
530576,2025-06-01,1,1195274
29628,2025-01-01,4,"462207000,4758580,31921677,34617647"
29628,2024-12-01,4,"147581100,40329932,2789176,510788042"
314982,2025-05-01,1,656224105
666837,2025-03-01,1,520568924
29628,2024-09-01,6,"29862120,396504627,39826482,83221043,9664155,34066384"
235951,2024-09-01,1,78266499
29628,2025-04-01,3,"61752120,132704705,52586528"
69894,2024-09-01,1,98529988
29628,2025-07-01,1,4196095
29628,2025-06-01,4,"77013487,386265891,408438067,135256714"
69894,2025-06-01,1,250951702
666837,2025-02-01,1,563640167
69894,2024-11-01,1,78663320
666837,2024-09-01,1,77597196
29628,2025-05-01,4,"211920693,63082163,30608261,18508579"
100186,2024-12-01,1,25540816
69894,2024-12-01,1,431683075
29628,2025-03-01,2,"14203386,189745252"
29628,2025-02-01,1,489267896
100186,2025-08-01,1,26794003
29628,2024-11-01,3,"37300676,135839971,74761287"
100186,2025-04-01,1,93180850
235951,2025-06-01,1,125255752
666837,2025-06-01,1,132951380
666837,2025-05-01,1,53475121
29628,2024-10-01,4,"262280549,192308501,38266288,111789"
69894,2024-10-01,1,325348
232612,2025-01-01,3,"210783050,38507884,247943135"
893413,2024-11-01,1,79050521
232612,2025-07-01,1,303975223
417685,2025-04-01,1,1142589
232612,2024-10-01,3,"423098804,95759204,237965163"
232612,2025-04-01,1,99182288
232612,2025-02-01,2,"544715008,75555258"
773885,2025-06-01,1,43003062
651375,2025-04-01,1,391037914
417685,2024-12-01,1,41774979
773885,2025-03-01,1,288232469
765569,2025-07-01,1,35443196
651375,2025-01-01,1,2226797
417685,2024-09-01,1,5287345
651375,2024-10-01,1,32933657
773885,2025-02-01,1,405852014
417685,2025-05-01,1,233895255
773885,2024-12-01,1,423322449
765569,2025-01-01,1,53770962
753622,2024-09-01,1,459195818
232612,2024-11-01,3,"163639001,150462607,303083447"
232612,2025-05-01,5,"5123070,668922653,4687485,9623024,37259057"
64365,2024-11-01,1,4377596
232612,2024-09-01,4,"25371573,208117296,584584917,2100345"
232612,2025-08-01,3,"505698997,686114613,380521691"
765569,2025-05-01,2,"198098211,51965833"
765569,2024-11-01,1,64731178
417685,2025-07-01,1,203801354
417685,2025-01-01,1,57992451
232612,2025-03-01,4,"266997535,248638735,28330267,1216560"
773885,2025-04-01,1,19980246
651375,2025-06-01,1,24692389
753622,2024-11-01,1,250745098
232612,2024-12-01,2,"402314638,182123246"
232612,2025-06-01,4,"98790527,136942984,269550869,231960993"
12937,2024-09-01,3,"533596685,43842464,12649409"
12937,2025-06-01,2,"494166212,180231216"
94783,2024-09-01,1,12007439
94783,2025-08-01,1,51696238
699472,2025-07-01,1,227353945
699472,2025-05-01,6,"73688598,587530419,379002763,20630540,118765613,41575971"
94783,2025-04-01,1,408197964
699472,2024-10-01,5,"385883985,519609712,6218187,210605708,28828467"
46911,2024-09-01,1,209693488
94783,2025-05-01,1,114898476
699472,2025-02-01,3,"132953623,675793345,22733511"
226021,2024-09-01,1,24029267
699472,2025-01-01,1,12534390
94783,2025-01-01,2,"47137159,504173854"
12937,2025-03-01,1,81980223
12937,2024-11-01,3,"62544811,480087026,584504593"
46911,2025-06-01,1,97029077
828616,2025-04-01,1,679175428
94783,2024-12-01,2,"154935326,148032737"
209310,2024-09-01,1,558021343
46911,2024-11-01,1,189600022
46911,2025-07-01,1,571850318
46911,2024-10-01,1,250100806
46911,2025-03-01,1,407109929
699472,2025-03-01,5,"15259488,51534753,87517405,160669616,225822530"
94783,2024-11-01,1,4787485
29013,2025-05-01,1,488638750
12937,2024-10-01,2,"75302054,422555993"
699472,2025-04-01,2,"548555990,17078688"
209310,2025-01-01,1,85479522
209310,2024-11-01,1,7758798
94783,2024-10-01,3,"21089779,10287709,183763220"
94783,2025-03-01,2,"22329953,447530780"
12937,2024-12-01,1,40400922
699472,2024-12-01,3,"3193080,10020532,19415808"
699472,2025-06-01,5,"13822898,100257095,142091474,146821195,10907168"
12937,2025-05-01,2,"11672218,415900997"
12937,2025-04-01,2,"29370158,61243616"
699472,2024-09-01,6,"118354137,245698609,23497473,226608202,22211620,454825574"
699472,2024-11-01,5,"198031328,183038890,47047107,61301607,283620721"
699472,2025-08-01,3,"21110375,186153730,48416591"
12937,2025-01-01,1,44369677
645075,2025-05-01,3,"22177011,157419883,424905585"
645075,2024-09-01,3,"246115030,282604039,503594504"
704838,2025-05-01,1,402696389
645075,2025-03-01,2,"33532566,452807308"
645075,2024-12-01,4,"27263761,45594872,489405239,92823890"
645075,2025-06-01,1,39267042
645075,2025-01-01,3,"8411665,116907896,171454952"
292800,2024-11-01,1,48420003
292800,2025-01-01,1,4667343
721762,2025-05-01,1,21527280
14314,2024-09-01,1,259805341
645075,2024-10-01,5,"439911288,80383405,29249369,245809770,80302095"
645075,2025-08-01,2,"194803240,703571778"
645075,2025-02-01,3,"511377945,428694731,25456645"
645075,2024-11-01,1,412908461
721762,2024-10-01,1,7675607
645075,2025-07-01,2,"322735341,82050584"
66251,2024-10-01,1,9294426
170761,2024-10-01,5,"6226677,44798749,4736622,74622195,6509107"
170761,2025-02-01,4,"34815607,543805520,151681362,1845878"
225976,2025-01-01,1,35314576
170761,2025-04-01,6,"331180311,38467973,6875592,44925261,111204971,6762133"
170761,2025-06-01,6,"437070399,21786588,36007681,3703715,12909338,290527892"
170761,2025-05-01,6,"130956951,4356,247301885,128258347,354961984,480111130"
77765,2024-09-01,1,27051600
170761,2025-01-01,2,"31761813,60157836"
456190,2024-10-01,1,73119567
170761,2025-07-01,4,"361015835,56490374,168371180,9089665"
170761,2024-11-01,6,"60016433,151788957,110345423,214186832,38033236,570522415"
225976,2024-12-01,1,582518668
491123,2024-10-01,1,519324047
235960,2025-04-01,1,9665611
170761,2024-09-01,3,"298187192,565264660,61486515"
690603,2024-10-01,1,274325370
170761,2025-03-01,8,"667310217,5833151,434444851,489503458,468177779,229461318,508042326,132565371"
66251,2025-05-01,1,10918
235960,2025-02-01,1,9354197
235960,2025-06-01,1,125282715
170761,2025-08-01,3,"25613354,488463568,11898041"
170761,2024-12-01,4,"157641603,1207249,453775685,71361562"
235960,2025-07-01,1,182551489
684991,2025-05-01,1,273776847
552639,2024-10-01,3,"55242945,520089534,167043952"
39282,2024-12-01,1,63623982
15385,2025-01-01,1,22306297
281851,2024-12-01,1,93627684
684991,2024-11-01,1,123597795
15385,2025-04-01,1,12845531
39282,2025-05-01,2,"373130312,248226835"
39282,2025-01-01,1,348923669
747316,2025-01-01,1,287148442
433414,2024-10-01,1,50074311
552639,2025-07-01,5,"22397202,16138555,526276236,454872829,53302369"
552639,2025-02-01,3,"80466723,28641617,93210904"
552639,2025-04-01,2,"479543463,71505765"
552639,2025-06-01,5,"33248497,439824762,400364828,46050790,670485416"
747316,2024-10-01,1,586923938
666613,2025-03-01,1,83408149
39282,2024-10-01,2,"181452195,12893401"
39282,2025-03-01,2,"308175595,451686224"
39282,2024-11-01,2,"213482858,17673112"
552639,2024-12-01,4,"339178544,503523668,193931986,346682212"
433414,2025-05-01,1,16068767
39282,2025-04-01,3,"5744596,351206065,146200906"
684991,2024-10-01,1,63760686
552639,2024-09-01,2,"509356658,70394948"
540057,2024-10-01,1,269957280
747316,2025-05-01,1,436868087
433414,2024-09-01,1,295249854
442636,2025-01-01,1,61505278
39282,2024-09-01,1,405123204
552639,2025-03-01,2,"66197909,370420119"
552639,2024-11-01,2,"118192189,31846417"
552639,2025-01-01,2,"460230132,71745821"
552639,2025-08-01,3,"435715142,286405730,466731766"
431865,2024-12-01,3,"386920649,1178070,373374455"
10452,2025-03-01,1,361247332
250550,2025-01-01,1,150487356
411918,2024-12-01,1,240584082
431865,2024-11-01,2,"41003266,6133207"
528485,2024-09-01,1,5100812
431865,2025-08-01,1,274659284
431865,2025-07-01,1,699157847
504437,2025-05-01,1,93339216
504437,2024-09-01,1,23483437
250550,2025-03-01,1,106194477
431865,2024-10-01,4,"5319070,42543578,138434779,152257433"
818084,2024-09-01,1,24841290
83243,2024-09-01,1,271274887
431865,2024-09-01,2,"1620468,54207426"
431865,2025-06-01,2,"498521067,15186703"
818084,2025-03-01,1,1726093
528485,2024-11-01,1,396282671
431865,2025-05-01,2,"3701174,427182786"
83243,2025-06-01,1,129902279
528485,2025-04-01,1,675683216
431865,2025-04-01,3,"149825110,6566443,171470673"
219066,2024-09-01,1,527514984
507393,2025-05-01,1,598032018
333323,2024-12-01,1,455915096
507393,2024-12-01,1,403736118
219066,2024-10-01,1,545423186
219066,2025-02-01,1,103386790
333323,2025-01-01,1,188167117
333323,2024-10-01,1,280380446
850517,2025-02-01,1,458911962
507393,2024-11-01,1,158611964
846854,2025-08-01,1,55591001
846854,2025-06-01,1,20991217
218358,2025-05-01,1,240999297
298759,2024-12-01,1,223077119
846854,2025-01-01,1,26430647
218358,2025-07-01,1,165188342
24285,2024-10-01,1,451445023
24285,2024-09-01,1,9574498
168123,2025-02-01,1,266810723
298759,2025-03-01,1,9308328
298759,2025-05-01,1,67261956
387666,2025-08-01,1,103451463
387666,2024-11-01,1,595045978
524111,2024-09-01,1,595875693
218358,2024-12-01,1,38396245
921500,2025-05-01,1,10537653
218358,2025-04-01,1,388753004
54508,2025-07-01,2,"199931310,453099371"
54508,2025-03-01,4,"41673824,421821496,44700247,165312722"
848071,2024-09-01,1,27274556
54508,2025-06-01,4,"133325408,4979241,262869686,25318138"
336055,2024-12-01,1,184863220
39593,2025-01-01,1,48504869
848071,2024-10-01,1,28676642
336055,2025-02-01,1,245915975
39593,2025-05-01,1,99843773
54508,2025-04-01,1,554330308
54508,2024-11-01,2,"139327006,154445054"
54508,2024-10-01,4,"232920,532756740,167340778,108650187"
54508,2024-09-01,2,"572315521,14842551"
54508,2025-02-01,1,210924741
177606,2024-09-01,1,246891905
54508,2024-12-01,5,"652093949,267420954,46032018,511523029,46032018"
177606,2024-10-01,1,589771550
848071,2025-03-01,1,585076438
54508,2025-05-01,2,"678725700,171468056"
294259,2025-04-01,1,470091111
208889,2024-10-01,1,208817606
208889,2025-03-01,1,401053447
294259,2025-06-01,1,40907520
294259,2025-01-01,1,89174820
294259,2024-12-01,2,"63376960,50273002"
294259,2025-05-01,1,489376983
294259,2024-09-01,3,"58052528,27746900,176705960"
294259,2024-10-01,1,535373824
253800,2025-05-01,1,55452080
783341,2024-09-01,1,362552154
783341,2024-10-01,1,114728413
253800,2024-12-01,2,"358841619,10832537"
783341,2025-08-01,1,542710593
213330,2024-09-01,2,"24250521,2048820"
213330,2025-06-01,3,"54219831,208735141,1029316"
213330,2025-03-01,1,433760210
213330,2024-11-01,2,"357924348,7077334"
213330,2025-05-01,1,240362420
213330,2024-10-01,2,"124406161,416893545"
213330,2025-01-01,1,28794230
820953,2024-10-01,1,38685061
106363,2025-02-01,1,164768047
213330,2025-04-01,2,"6605560,70537206"
213330,2024-12-01,3,"41452723,121873197,310527289"
106363,2025-05-01,1,597452175
106363,2025-03-01,1,349163217
873701,2024-09-01,1,1560917
873701,2025-03-01,1,95034869
106363,2025-08-01,1,102719925
52689,2025-03-01,2,"1927843,308033280"
651648,2025-07-01,1,402711003
52689,2025-01-01,2,"194455460,666055802"
651648,2024-11-01,3,"96955277,62953064,76227039"
52689,2025-02-01,2,"541679692,21303881"
52689,2025-05-01,3,"348320626,132295507,61444"
52689,2025-06-01,3,"26058599,351603086,37174261"
52689,2025-07-01,1,685321456
52689,2024-09-01,2,"62863863,529841664"
52689,2024-11-01,3,"126974272,37561148,61444"
870119,2025-02-01,1,11361365
651648,2025-05-01,1,157699505
568661,2024-11-01,1,12432943
52689,2024-10-01,4,"59856184,35765811,430752486,128586"
927408,2025-05-01,1,506173642
52689,2025-04-01,2,"7289796,168029760"
568661,2025-02-01,1,61541273
568661,2025-08-01,1,58505574
651648,2025-04-01,1,421377437
651648,2024-10-01,4,"148290606,216753,570846673,53605005"
52689,2024-12-01,2,"659131866,56369411"
651648,2024-09-01,5,"97183097,191898310,3401025,72486978,76227039"
651648,2024-12-01,3,"300202210,37332458,97183097"
55959,2025-08-01,1,22820435
373618,2025-01-01,1,99339440
373618,2024-10-01,5,"44672976,9452712,12271516,35028450,15199995"
343276,2025-04-01,3,"520505470,562798827,303752230"
55959,2024-12-01,1,35139946
658366,2025-02-01,1,4618577
245574,2024-12-01,1,443231888
343276,2025-06-01,1,91137483
343276,2024-09-01,7,"5853930,147786926,31398708,292567243,455644291,502535348,334058178"
373618,2025-02-01,1,60183253
55959,2024-10-01,1,388179614
287845,2024-12-01,1,47141026
373618,2025-05-01,2,"29642783,92913698"
343276,2024-11-01,3,"431189536,144371105,33606731"
658366,2024-09-01,1,504221684
600775,2024-11-01,1,598842483
373618,2024-09-01,3,"4350802,213528754,60965466"
245574,2025-04-01,1,330098835
55959,2025-04-01,2,"456989385,105092111"
552519,2025-04-01,1,29729735
906038,2025-02-01,1,46420997
343276,2024-10-01,1,126033639
373618,2025-06-01,2,"132801878,179461878"
287845,2025-02-01,1,20559185
245574,2025-06-01,1,681524280
343276,2024-12-01,2,"409968194,371932610"
906038,2024-09-01,1,310605718
552519,2024-10-01,2,"1144021,654885038"
55959,2025-03-01,1,58250861
55959,2024-09-01,3,"115823435,419826569,120609588"
373618,2024-12-01,3,"37983447,310868586,376047212"
166006,2024-11-01,1,19599201
55959,2025-06-01,1,259028145
55959,2025-05-01,2,"243562441,3414186"
245574,2024-09-01,1,19356553
658366,2025-03-01,1,28696227
287845,2025-08-01,1,6717359
658366,2025-08-01,1,530715878
373618,2024-11-01,1,1244668
600775,2025-04-01,1,23507795
373618,2025-04-01,1,95687875
166006,2025-01-01,1,124143865
245574,2024-10-01,2,"120965637,657711816"
552519,2025-01-01,1,29729735
266449,2024-12-01,1,444083188
245574,2024-11-01,2,"577045149,657711816"
658366,2025-06-01,1,70637618
343276,2025-05-01,4,"1358308,448121654,286505736,112156554"
55959,2024-11-01,2,"178644319,24530399"
600775,2025-01-01,1,136646205
245574,2025-05-01,3,"130609128,522994969,281613120"
166006,2024-10-01,1,124143865
294263,2025-01-01,1,903944
736187,2025-05-01,1,137264867
216080,2025-06-01,1,307596359
736187,2024-10-01,1,132757261
645693,2025-07-01,1,504123377
294263,2024-12-01,1,258266423
736187,2024-11-01,1,41533362
645693,2024-10-01,1,450547053
310524,2025-05-01,2,"233308257,55632312"
310524,2025-06-01,3,"80788714,86740825,478489933"
819206,2025-04-01,1,679412387
310524,2025-08-01,2,"24319153,40830101"
310524,2025-03-01,5,"61568631,390113198,676451106,57708675,465368418"
816888,2025-08-01,1,585972245
310524,2025-04-01,4,"585126314,33503234,42728838,22253164"
819206,2025-06-01,1,264130540
34760,2024-09-01,1,499575913
310524,2024-10-01,3,"33645381,82765076,482518993"
310524,2024-11-01,3,"15860086,22488426,2062619"
816888,2025-07-01,1,541167533
816888,2024-11-01,1,202042536
34760,2025-07-01,1,499575913
34760,2025-01-01,1,147982013
310524,2024-09-01,3,"52708443,5580752,301555096"
301034,2025-06-01,1,6787542
310524,2024-12-01,5,"195901641,11554868,467509980,227871836,77944255"
850712,2024-11-01,1,7832875
310524,2025-07-01,3,"77929028,399814770,295369709"
850712,2024-12-01,1,75609345
34760,2024-12-01,1,29463515
498052,2025-07-01,1,48728258
66974,2025-02-01,1,79134419
498052,2025-04-01,3,"142205271,276581864,72479684"
781865,2024-12-01,1,1651094
498052,2025-08-01,1,413396440
498052,2025-05-01,1,17422217
781865,2025-08-01,1,447942639
498052,2024-11-01,2,"327197700,137373481"
762015,2024-12-01,1,367936113
66974,2024-10-01,1,13569451
826685,2025-05-01,1,227420345
826685,2025-02-01,1,35257559
498052,2024-12-01,2,"9554756,54286350"
894015,2024-10-01,1,1987802
49048,2025-06-01,1,74480186
894015,2024-12-01,1,50708231
826685,2024-09-01,1,120033180
498052,2024-10-01,3,"54033301,26783379,14394537"
498052,2024-09-01,5,"580625058,89136912,138784764,37244794,410397468"
49048,2025-07-01,1,182336320
781865,2024-09-01,1,115571667
251277,2024-10-01,1,276596182
781865,2024-10-01,1,5792040
498052,2025-01-01,1,126237742
498052,2025-02-01,1,82492425
781865,2025-05-01,1,234007203
12192,2025-01-01,1,74009230
781865,2025-03-01,1,47859300
498052,2025-06-01,1,220867550
498052,2025-03-01,1,148594420
263888,2025-06-01,1,27744155
263888,2025-03-01,1,7965404
230877,2024-11-01,1,185712604
230877,2024-09-01,1,403795400
263888,2024-10-01,1,2671577
6990,2025-03-01,1,396544603
230877,2025-07-01,1,137145166
6990,2024-12-01,1,3590996
135465,2025-01-01,1,253885593
864981,2025-04-01,1,457678485
864981,2024-10-01,1,73853933
6990,2025-05-01,1,208241066
453094,2025-07-01,3,"192341146,345631660,526831646"
16580,2025-03-01,6,"440220366,29961051,420726555,503524816,250173219,3263359"
267652,2025-06-01,1,42364513
453094,2025-05-01,4,"41257192,59485402,237346750,120160932"
57166,2025-04-01,1,350168583
57874,2024-12-01,1,39529590
16580,2024-12-01,3,"453695272,307191161,4381684"
151199,2024-11-01,1,336197345
16580,2025-06-01,5,"402780846,41852417,10076787,92650805,436532449"
759901,2024-09-01,1,58533116
16580,2025-02-01,3,"65635073,593068,72797100"
16580,2025-04-01,6,"69814183,241713503,237878342,33942506,245940741,129343666"
453094,2025-02-01,3,"29288034,94853858,412311470"
267652,2024-11-01,1,585680673
453094,2025-08-01,1,203681344
267652,2025-01-01,1,11375567
453094,2025-03-01,4,"334925948,210997454,107944905,509942351"
453094,2024-10-01,4,"147948444,268888985,123084823,479376721"
16580,2024-10-01,8,"280850322,783122,443155838,411521133,156455933,4111968,83182483,75430969"
267652,2024-09-01,1,124624692
151199,2025-04-01,2,"60944112,77851859"
453094,2025-04-01,2,"338153295,269322561"
57166,2025-02-01,1,101065328
151199,2025-08-01,1,66190077
453094,2024-11-01,2,"251758988,183931517"
57166,2025-07-01,1,589242049
57874,2025-01-01,1,463677226
151199,2025-06-01,2,"127207678,340851549"
453094,2025-01-01,3,"665638933,224838427,16390858"
151199,2025-05-01,2,"458435896,298931481"
16580,2024-11-01,4,"42107937,15310771,662202455,659816191"
16580,2025-05-01,6,"85764836,7819747,238330558,252279941,683437582,138245467"
151199,2024-12-01,5,"254971168,2712819,161494455,227486266,272192570"
151199,2025-07-01,2,"67146710,332673584"
16580,2025-01-01,6,"138559199,438834750,539226327,2017801,69251291,149718738"
267652,2025-03-01,1,65521098
453094,2024-09-01,1,85706556
151199,2025-03-01,1,207611876
16580,2025-07-01,5,"583181230,121309762,401007019,656209018,2703242"
57874,2025-03-01,1,667482522
151199,2025-02-01,3,"83636796,540554561,40427764"
16580,2024-09-01,5,"65888685,49847321,30685797,86895499,18348026"
57166,2024-11-01,1,165107877
57874,2024-10-01,1,564464750
453094,2025-06-01,3,"32982999,18179420,1521060"
453094,2024-12-01,1,292653993
940116,2025-06-01,1,193517427
148825,2025-05-01,1,5403850
16821,2024-10-01,6,"121897058,4641216,129737801,65282269,46233603,205570777"
16821,2024-12-01,5,"135291055,223662484,19646566,517801025,52011283"
16821,2025-06-01,2,"480267444,49337681"
16821,2025-05-01,5,"529738937,174879950,219434656,61311273,559584709"
12940,2025-01-01,1,309111310
16821,2024-09-01,6,"178780897,3115550,117458927,47796274,91451282,81822782"
16821,2024-11-01,6,"81179441,123230666,527754537,5128949,191665251,426538330"
16821,2025-08-01,3,"3676380,154534046,109485205"
16821,2025-07-01,7,"475108852,73013550,177846982,93187098,472407522,562127556,663990480"
148825,2024-10-01,1,468628
12940,2024-10-01,1,157785168
940116,2024-11-01,1,64887175
16821,2025-03-01,5,"152968293,17015814,50553853,262392887,57099533"
16821,2025-01-01,2,"655866369,335920261"
12940,2025-05-01,1,353701095
16821,2025-04-01,8,"62192385,687826507,553313567,74231501,153959878,321718,28582466,69190255"
12940,2024-11-01,1,38472454
684808,2025-08-01,1,438657991
204065,2024-09-01,1,7900671
279857,2025-05-01,1,664727322
684808,2025-05-01,1,218712268
279857,2025-06-01,3,"67830787,146016062,5916773"
850338,2025-06-01,1,174727355
279857,2025-04-01,1,63775251
279857,2024-09-01,3,"180563343,171898130,72890425"
279857,2024-12-01,2,"779770,22936844"
279857,2024-10-01,2,"29331177,54275455"
279857,2025-07-01,3,"92683812,150914605,91477911"
853142,2024-12-01,1,271646681
6848,2025-04-01,1,179801712
684808,2024-09-01,1,508118764
684808,2024-10-01,1,357402461
6848,2024-10-01,1,173293905
204065,2024-11-01,1,178356383
279857,2025-01-01,3,"24757710,490656182,507307953"
279857,2025-02-01,3,"92079698,362288196,1276677"
279857,2025-08-01,1,692259672
279857,2024-11-01,2,"46661324,341557513"
31994,2024-12-01,3,"172073800,384377181,2137635"
253332,2025-03-01,1,9028604
106647,2024-10-01,1,10679309
500886,2024-09-01,1,33187252
191610,2024-12-01,3,"473931010,201169713,197286526"
191610,2025-03-01,2,"92307091,12193113"
837503,2025-01-01,1,556165330
31994,2024-10-01,1,53401449
837503,2025-02-01,1,536692961
253332,2025-06-01,1,295266992
607781,2025-06-01,1,340629481
607781,2025-05-01,1,417932718
191610,2024-10-01,2,"8737158,3531160"
253332,2025-05-01,1,56891723
31994,2024-09-01,3,"4368030,91243102,11907556"
31994,2025-03-01,4,"443121660,123964589,334421,682416757"
191610,2025-06-01,1,175326478
191610,2025-07-01,1,61672179
31994,2025-06-01,3,"108248,3268826,31256441"
607781,2024-11-01,1,56509703
837503,2024-09-01,1,247564888
189135,2024-12-01,5,"124964345,573505537,512351687,427023129,203989134"
837503,2024-11-01,1,448101923
500886,2024-10-01,3,"35363314,423682645,168751094"
253332,2024-12-01,2,"56891723,115379606"
82928,2024-09-01,1,230668
189135,2024-09-01,2,"179571509,5504367"
31994,2025-01-01,1,266132815
191610,2024-11-01,2,"309385071,31792931"
191610,2025-04-01,1,13268609
191610,2025-02-01,1,89684109
189135,2025-05-01,1,4694399
189135,2024-11-01,3,"40326825,80717864,251967379"
106647,2025-01-01,1,414449121
189135,2025-01-01,1,548044622
189135,2025-06-01,1,517512715
189135,2024-10-01,4,"321440742,57976218,290558618,427143292"
31994,2025-04-01,2,"12516598,52051426"
191610,2025-08-01,2,"9266492,153148593"
607781,2024-09-01,1,74499500
31994,2025-02-01,2,"108248,671794738"
82928,2024-12-01,1,143747034
253332,2025-04-01,1,680843750
191610,2025-05-01,1,2336572
253332,2024-10-01,1,252272961
31994,2025-07-01,2,"152532540,28842402"
31994,2024-11-01,1,521444375
848718,2025-07-01,1,277189922
848718,2025-05-01,1,70125766
18728,2024-11-01,1,15914713
698132,2024-12-01,5,"34815466,61636708,80065903,17381380,17954022"
848718,2025-06-01,3,"17301417,10924419,373573832"
698132,2025-05-01,3,"477275856,7273792,44228784"
848718,2024-11-01,1,28161488
116551,2024-11-01,1,481909957
848718,2025-03-01,1,42639457
848718,2025-04-01,3,"302110208,69288777,9558498"
698132,2025-02-01,1,460508628
18728,2024-10-01,1,4452677
848718,2024-12-01,3,"119422895,578953276,37383733"
939657,2025-03-01,1,163298398
698132,2025-03-01,1,220936874
294242,2025-05-01,2,"84630515,5562178"
698132,2025-06-01,4,"16003214,13426146,31530626,86378727"
939657,2025-01-01,1,324946547
939657,2025-04-01,1,474797632
698132,2025-08-01,1,514882679
848718,2025-08-01,3,"224502972,708693820,593825613"
116551,2025-01-01,1,108772257
294242,2025-06-01,1,55785112
698132,2024-09-01,3,"17783381,104033445,80345513"
698132,2024-10-01,2,"161175464,14492773"
698132,2024-11-01,3,"359798442,429973203,9479084"
698132,2025-07-01,1,23242361
698132,2025-01-01,1,36545583
698132,2025-04-01,3,"592950805,25897340,315598791"
